{
    "version": "1.4.0",
    "project": {
        "name": "random-word-api",
        "directory": "/home/razor/projects/random-word-api",
        "workspaceDir": "/home/razor/projects/random-word-api",
        "sources": [
            "/home/razor/projects/random-word-api/src/main/scala-2.13",
            "/home/razor/projects/random-word-api/src/main/scala",
            "/home/razor/projects/random-word-api/src/main/java",
            "/home/razor/projects/random-word-api/target/scala-2.13/src_managed/main"
        ],
        "dependencies": [
            
        ],
        "classpath": [
            "/home/razor/.cache/coursier/v1/https/repo1.maven.org/maven2/com/lihaoyi/geny_2.13/0.5.0/geny_2.13-0.5.0.jar",
            "/home/razor/.cache/coursier/v1/https/repo1.maven.org/maven2/com/lihaoyi/upickle-implicits_2.13/0.9.8/upickle-implicits_2.13-0.9.8.jar",
            "/home/razor/.cache/coursier/v1/https/repo1.maven.org/maven2/com/fasterxml/jackson/datatype/jackson-datatype-jdk8/2.10.1/jackson-datatype-jdk8-2.10.1.jar",
            "/home/razor/.cache/coursier/v1/https/repo1.maven.org/maven2/com/lihaoyi/cask_2.13/0.5.6/cask_2.13-0.5.6.jar",
            "/home/razor/.cache/coursier/v1/https/repo1.maven.org/maven2/org/apache/commons/commons-pool2/2.7.0/commons-pool2-2.7.0.jar",
            "/home/razor/.cache/coursier/v1/https/repo1.maven.org/maven2/org/scala-lang/scala-reflect/2.13.1/scala-reflect-2.13.1.jar",
            "/home/razor/.cache/coursier/v1/https/repo1.maven.org/maven2/com/lihaoyi/castor_2.13/0.1.1/castor_2.13-0.1.1.jar",
            "/home/razor/.cache/coursier/v1/https/repo1.maven.org/maven2/com/lihaoyi/ujson_2.13/0.9.8/ujson_2.13-0.9.8.jar",
            "/home/razor/.cache/coursier/v1/https/repo1.maven.org/maven2/com/lihaoyi/fansi_2.13/0.2.8/fansi_2.13-0.2.8.jar",
            "/home/razor/.cache/coursier/v1/https/repo1.maven.org/maven2/org/jboss/xnio/xnio-api/3.3.8.Final/xnio-api-3.3.8.Final.jar",
            "/home/razor/.cache/coursier/v1/https/repo1.maven.org/maven2/com/lihaoyi/cask-util_2.13/0.5.6/cask-util_2.13-0.5.6.jar",
            "/home/razor/.cache/coursier/v1/https/repo1.maven.org/maven2/org/scala-lang/scala-library/2.13.1/scala-library-2.13.1.jar",
            "/home/razor/.cache/coursier/v1/https/repo1.maven.org/maven2/com/lihaoyi/pprint_2.13/0.5.8/pprint_2.13-0.5.8.jar",
            "/home/razor/.cache/coursier/v1/https/repo1.maven.org/maven2/com/fasterxml/jackson/core/jackson-core/2.10.1/jackson-core-2.10.1.jar",
            "/home/razor/.cache/coursier/v1/https/repo1.maven.org/maven2/net/debasishg/redisclient_2.13/3.20/redisclient_2.13-3.20.jar",
            "/home/razor/.cache/coursier/v1/https/repo1.maven.org/maven2/org/java-websocket/Java-WebSocket/1.4.0/Java-WebSocket-1.4.0.jar",
            "/home/razor/.cache/coursier/v1/https/repo1.maven.org/maven2/org/jboss/xnio/xnio-nio/3.3.8.Final/xnio-nio-3.3.8.Final.jar",
            "/home/razor/.cache/coursier/v1/https/repo1.maven.org/maven2/com/typesafe/play/play-functional_2.13/2.8.1/play-functional_2.13-2.8.1.jar",
            "/home/razor/.cache/coursier/v1/https/repo1.maven.org/maven2/org/scala-lang/modules/scala-collection-compat_2.13/2.1.3/scala-collection-compat_2.13-2.1.3.jar",
            "/home/razor/.cache/coursier/v1/https/repo1.maven.org/maven2/com/typesafe/play/play-json_2.13/2.8.1/play-json_2.13-2.8.1.jar",
            "/home/razor/.cache/coursier/v1/https/repo1.maven.org/maven2/com/lihaoyi/upickle_2.13/0.9.8/upickle_2.13-0.9.8.jar",
            "/home/razor/.cache/coursier/v1/https/repo1.maven.org/maven2/com/fasterxml/jackson/core/jackson-annotations/2.10.1/jackson-annotations-2.10.1.jar",
            "/home/razor/.cache/coursier/v1/https/repo1.maven.org/maven2/com/fasterxml/jackson/datatype/jackson-datatype-jsr310/2.10.1/jackson-datatype-jsr310-2.10.1.jar",
            "/home/razor/.cache/coursier/v1/https/repo1.maven.org/maven2/com/lihaoyi/upickle-core_2.13/0.9.8/upickle-core_2.13-0.9.8.jar",
            "/home/razor/.cache/coursier/v1/https/repo1.maven.org/maven2/io/undertow/undertow-core/2.0.13.Final/undertow-core-2.0.13.Final.jar",
            "/home/razor/.cache/coursier/v1/https/repo1.maven.org/maven2/org/jboss/logging/jboss-logging/3.3.2.Final/jboss-logging-3.3.2.Final.jar",
            "/home/razor/.cache/coursier/v1/https/repo1.maven.org/maven2/org/slf4j/slf4j-api/1.7.28/slf4j-api-1.7.28.jar",
            "/home/razor/.cache/coursier/v1/https/repo1.maven.org/maven2/com/lihaoyi/sourcecode_2.13/0.2.0/sourcecode_2.13-0.2.0.jar",
            "/home/razor/.cache/coursier/v1/https/repo1.maven.org/maven2/com/lihaoyi/upack_2.13/0.9.8/upack_2.13-0.9.8.jar",
            "/home/razor/.cache/coursier/v1/https/repo1.maven.org/maven2/joda-time/joda-time/2.10.5/joda-time-2.10.5.jar",
            "/home/razor/.cache/coursier/v1/https/repo1.maven.org/maven2/com/fasterxml/jackson/core/jackson-databind/2.10.1/jackson-databind-2.10.1.jar"
        ],
        "out": "/home/razor/projects/random-word-api/.bloop/random-word-api",
        "classesDir": "/home/razor/projects/random-word-api/.bloop/random-word-api/scala-2.13/classes",
        "resources": [
            "/home/razor/projects/random-word-api/src/main/resources",
            "/home/razor/projects/random-word-api/target/scala-2.13/resource_managed/main"
        ],
        "scala": {
            "organization": "org.scala-lang",
            "name": "scala-compiler",
            "version": "2.13.1",
            "options": [
                
            ],
            "jars": [
                "/home/razor/.cache/coursier/v1/https/repo1.maven.org/maven2/org/scala-lang/scala-compiler/2.13.1/scala-compiler-2.13.1.jar",
                "/home/razor/.cache/coursier/v1/https/repo1.maven.org/maven2/org/scala-lang/scala-reflect/2.13.1/scala-reflect-2.13.1.jar",
                "/home/razor/.cache/coursier/v1/https/repo1.maven.org/maven2/org/scala-lang/scala-library/2.13.1/scala-library-2.13.1.jar",
                "/home/razor/.cache/coursier/v1/https/repo1.maven.org/maven2/jline/jline/2.14.6/jline-2.14.6.jar",
                "/home/razor/.cache/coursier/v1/https/repo1.maven.org/maven2/org/fusesource/jansi/jansi/1.12/jansi-1.12.jar"
            ],
            "analysis": "/home/razor/projects/random-word-api/target/streams/compile/bloopAnalysisOut/_global/streams/inc_compile_2.13.zip",
            "setup": {
                "order": "mixed",
                "addLibraryToBootClasspath": true,
                "addCompilerToClasspath": false,
                "addExtraJarsToClasspath": false,
                "manageBootClasspath": true,
                "filterLibraryFromClasspath": true
            }
        },
        "java": {
            "options": [
                
            ]
        },
        "test": {
            "frameworks": [
                {
                    "names": [
                        "org.scalacheck.ScalaCheckFramework"
                    ]
                },
                {
                    "names": [
                        "org.specs2.runner.Specs2Framework",
                        "org.specs2.runner.SpecsFramework"
                    ]
                },
                {
                    "names": [
                        "org.specs.runner.SpecsFramework"
                    ]
                },
                {
                    "names": [
                        "org.scalatest.tools.Framework",
                        "org.scalatest.tools.ScalaTestFramework"
                    ]
                },
                {
                    "names": [
                        "com.novocode.junit.JUnitFramework"
                    ]
                }
            ],
            "options": {
                "excludes": [
                    
                ],
                "arguments": [
                    
                ]
            }
        },
        "platform": {
            "name": "jvm",
            "config": {
                "home": "/usr/lib/jvm/java-11-openjdk",
                "options": [
                    "-Duser.dir=/home/razor/projects/random-word-api"
                ]
            },
            "mainClass": [
                
            ]
        },
        "resolution": {
            "modules": [
                {
                    "organization": "com.lihaoyi",
                    "name": "geny_2.13",
                    "version": "0.5.0",
                    "configurations": "default",
                    "artifacts": [
                        {
                            "name": "geny_2.13",
                            "path": "/home/razor/.cache/coursier/v1/https/repo1.maven.org/maven2/com/lihaoyi/geny_2.13/0.5.0/geny_2.13-0.5.0.jar"
                        },
                        {
                            "name": "geny_2.13",
                            "classifier": "sources",
                            "path": "/home/razor/.cache/coursier/v1/https/repo1.maven.org/maven2/com/lihaoyi/geny_2.13/0.5.0/geny_2.13-0.5.0-sources.jar"
                        }
                    ]
                },
                {
                    "organization": "com.lihaoyi",
                    "name": "upickle-implicits_2.13",
                    "version": "0.9.8",
                    "configurations": "default",
                    "artifacts": [
                        {
                            "name": "upickle-implicits_2.13",
                            "path": "/home/razor/.cache/coursier/v1/https/repo1.maven.org/maven2/com/lihaoyi/upickle-implicits_2.13/0.9.8/upickle-implicits_2.13-0.9.8.jar"
                        },
                        {
                            "name": "upickle-implicits_2.13",
                            "classifier": "sources",
                            "path": "/home/razor/.cache/coursier/v1/https/repo1.maven.org/maven2/com/lihaoyi/upickle-implicits_2.13/0.9.8/upickle-implicits_2.13-0.9.8-sources.jar"
                        }
                    ]
                },
                {
                    "organization": "com.fasterxml.jackson.datatype",
                    "name": "jackson-datatype-jdk8",
                    "version": "2.10.1",
                    "configurations": "default",
                    "artifacts": [
                        {
                            "name": "jackson-datatype-jdk8",
                            "path": "/home/razor/.cache/coursier/v1/https/repo1.maven.org/maven2/com/fasterxml/jackson/datatype/jackson-datatype-jdk8/2.10.1/jackson-datatype-jdk8-2.10.1.jar"
                        },
                        {
                            "name": "jackson-datatype-jdk8",
                            "classifier": "sources",
                            "path": "/home/razor/.cache/coursier/v1/https/repo1.maven.org/maven2/com/fasterxml/jackson/datatype/jackson-datatype-jdk8/2.10.1/jackson-datatype-jdk8-2.10.1-sources.jar"
                        }
                    ]
                },
                {
                    "organization": "com.lihaoyi",
                    "name": "cask_2.13",
                    "version": "0.5.6",
                    "configurations": "default",
                    "artifacts": [
                        {
                            "name": "cask_2.13",
                            "path": "/home/razor/.cache/coursier/v1/https/repo1.maven.org/maven2/com/lihaoyi/cask_2.13/0.5.6/cask_2.13-0.5.6.jar"
                        },
                        {
                            "name": "cask_2.13",
                            "classifier": "sources",
                            "path": "/home/razor/.cache/coursier/v1/https/repo1.maven.org/maven2/com/lihaoyi/cask_2.13/0.5.6/cask_2.13-0.5.6-sources.jar"
                        }
                    ]
                },
                {
                    "organization": "org.apache.commons",
                    "name": "commons-pool2",
                    "version": "2.7.0",
                    "configurations": "default",
                    "artifacts": [
                        {
                            "name": "commons-pool2",
                            "path": "/home/razor/.cache/coursier/v1/https/repo1.maven.org/maven2/org/apache/commons/commons-pool2/2.7.0/commons-pool2-2.7.0.jar"
                        },
                        {
                            "name": "commons-pool2",
                            "classifier": "sources",
                            "path": "/home/razor/.cache/coursier/v1/https/repo1.maven.org/maven2/org/apache/commons/commons-pool2/2.7.0/commons-pool2-2.7.0-sources.jar"
                        }
                    ]
                },
                {
                    "organization": "org.scala-lang",
                    "name": "scala-reflect",
                    "version": "2.13.1",
                    "configurations": "default",
                    "artifacts": [
                        {
                            "name": "scala-reflect",
                            "path": "/home/razor/.cache/coursier/v1/https/repo1.maven.org/maven2/org/scala-lang/scala-reflect/2.13.1/scala-reflect-2.13.1.jar"
                        },
                        {
                            "name": "scala-reflect",
                            "classifier": "sources",
                            "path": "/home/razor/.cache/coursier/v1/https/repo1.maven.org/maven2/org/scala-lang/scala-reflect/2.13.1/scala-reflect-2.13.1-sources.jar"
                        }
                    ]
                },
                {
                    "organization": "com.lihaoyi",
                    "name": "castor_2.13",
                    "version": "0.1.1",
                    "configurations": "default",
                    "artifacts": [
                        {
                            "name": "castor_2.13",
                            "path": "/home/razor/.cache/coursier/v1/https/repo1.maven.org/maven2/com/lihaoyi/castor_2.13/0.1.1/castor_2.13-0.1.1.jar"
                        },
                        {
                            "name": "castor_2.13",
                            "classifier": "sources",
                            "path": "/home/razor/.cache/coursier/v1/https/repo1.maven.org/maven2/com/lihaoyi/castor_2.13/0.1.1/castor_2.13-0.1.1-sources.jar"
                        }
                    ]
                },
                {
                    "organization": "com.lihaoyi",
                    "name": "ujson_2.13",
                    "version": "0.9.8",
                    "configurations": "default",
                    "artifacts": [
                        {
                            "name": "ujson_2.13",
                            "path": "/home/razor/.cache/coursier/v1/https/repo1.maven.org/maven2/com/lihaoyi/ujson_2.13/0.9.8/ujson_2.13-0.9.8.jar"
                        },
                        {
                            "name": "ujson_2.13",
                            "classifier": "sources",
                            "path": "/home/razor/.cache/coursier/v1/https/repo1.maven.org/maven2/com/lihaoyi/ujson_2.13/0.9.8/ujson_2.13-0.9.8-sources.jar"
                        }
                    ]
                },
                {
                    "organization": "com.lihaoyi",
                    "name": "fansi_2.13",
                    "version": "0.2.8",
                    "configurations": "default",
                    "artifacts": [
                        {
                            "name": "fansi_2.13",
                            "path": "/home/razor/.cache/coursier/v1/https/repo1.maven.org/maven2/com/lihaoyi/fansi_2.13/0.2.8/fansi_2.13-0.2.8.jar"
                        },
                        {
                            "name": "fansi_2.13",
                            "classifier": "sources",
                            "path": "/home/razor/.cache/coursier/v1/https/repo1.maven.org/maven2/com/lihaoyi/fansi_2.13/0.2.8/fansi_2.13-0.2.8-sources.jar"
                        }
                    ]
                },
                {
                    "organization": "org.jboss.xnio",
                    "name": "xnio-api",
                    "version": "3.3.8.Final",
                    "configurations": "default",
                    "artifacts": [
                        {
                            "name": "xnio-api",
                            "path": "/home/razor/.cache/coursier/v1/https/repo1.maven.org/maven2/org/jboss/xnio/xnio-api/3.3.8.Final/xnio-api-3.3.8.Final.jar"
                        },
                        {
                            "name": "xnio-api",
                            "classifier": "sources",
                            "path": "/home/razor/.cache/coursier/v1/https/repo1.maven.org/maven2/org/jboss/xnio/xnio-api/3.3.8.Final/xnio-api-3.3.8.Final-sources.jar"
                        }
                    ]
                },
                {
                    "organization": "com.lihaoyi",
                    "name": "cask-util_2.13",
                    "version": "0.5.6",
                    "configurations": "default",
                    "artifacts": [
                        {
                            "name": "cask-util_2.13",
                            "path": "/home/razor/.cache/coursier/v1/https/repo1.maven.org/maven2/com/lihaoyi/cask-util_2.13/0.5.6/cask-util_2.13-0.5.6.jar"
                        },
                        {
                            "name": "cask-util_2.13",
                            "classifier": "sources",
                            "path": "/home/razor/.cache/coursier/v1/https/repo1.maven.org/maven2/com/lihaoyi/cask-util_2.13/0.5.6/cask-util_2.13-0.5.6-sources.jar"
                        }
                    ]
                },
                {
                    "organization": "org.scala-lang",
                    "name": "scala-library",
                    "version": "2.13.1",
                    "configurations": "default",
                    "artifacts": [
                        {
                            "name": "scala-library",
                            "path": "/home/razor/.cache/coursier/v1/https/repo1.maven.org/maven2/org/scala-lang/scala-library/2.13.1/scala-library-2.13.1.jar"
                        },
                        {
                            "name": "scala-library",
                            "classifier": "sources",
                            "path": "/home/razor/.cache/coursier/v1/https/repo1.maven.org/maven2/org/scala-lang/scala-library/2.13.1/scala-library-2.13.1-sources.jar"
                        }
                    ]
                },
                {
                    "organization": "com.lihaoyi",
                    "name": "pprint_2.13",
                    "version": "0.5.8",
                    "configurations": "default",
                    "artifacts": [
                        {
                            "name": "pprint_2.13",
                            "path": "/home/razor/.cache/coursier/v1/https/repo1.maven.org/maven2/com/lihaoyi/pprint_2.13/0.5.8/pprint_2.13-0.5.8.jar"
                        },
                        {
                            "name": "pprint_2.13",
                            "classifier": "sources",
                            "path": "/home/razor/.cache/coursier/v1/https/repo1.maven.org/maven2/com/lihaoyi/pprint_2.13/0.5.8/pprint_2.13-0.5.8-sources.jar"
                        }
                    ]
                },
                {
                    "organization": "com.fasterxml.jackson.core",
                    "name": "jackson-core",
                    "version": "2.10.1",
                    "configurations": "default",
                    "artifacts": [
                        {
                            "name": "jackson-core",
                            "path": "/home/razor/.cache/coursier/v1/https/repo1.maven.org/maven2/com/fasterxml/jackson/core/jackson-core/2.10.1/jackson-core-2.10.1.jar"
                        },
                        {
                            "name": "jackson-core",
                            "classifier": "sources",
                            "path": "/home/razor/.cache/coursier/v1/https/repo1.maven.org/maven2/com/fasterxml/jackson/core/jackson-core/2.10.1/jackson-core-2.10.1-sources.jar"
                        }
                    ]
                },
                {
                    "organization": "net.debasishg",
                    "name": "redisclient_2.13",
                    "version": "3.20",
                    "configurations": "default",
                    "artifacts": [
                        {
                            "name": "redisclient_2.13",
                            "path": "/home/razor/.cache/coursier/v1/https/repo1.maven.org/maven2/net/debasishg/redisclient_2.13/3.20/redisclient_2.13-3.20.jar"
                        },
                        {
                            "name": "redisclient_2.13",
                            "classifier": "sources",
                            "path": "/home/razor/.cache/coursier/v1/https/repo1.maven.org/maven2/net/debasishg/redisclient_2.13/3.20/redisclient_2.13-3.20-sources.jar"
                        }
                    ]
                },
                {
                    "organization": "org.java-websocket",
                    "name": "Java-WebSocket",
                    "version": "1.4.0",
                    "configurations": "default",
                    "artifacts": [
                        {
                            "name": "Java-WebSocket",
                            "path": "/home/razor/.cache/coursier/v1/https/repo1.maven.org/maven2/org/java-websocket/Java-WebSocket/1.4.0/Java-WebSocket-1.4.0.jar"
                        },
                        {
                            "name": "Java-WebSocket",
                            "classifier": "sources",
                            "path": "/home/razor/.cache/coursier/v1/https/repo1.maven.org/maven2/org/java-websocket/Java-WebSocket/1.4.0/Java-WebSocket-1.4.0-sources.jar"
                        }
                    ]
                },
                {
                    "organization": "org.jboss.xnio",
                    "name": "xnio-nio",
                    "version": "3.3.8.Final",
                    "configurations": "default",
                    "artifacts": [
                        {
                            "name": "xnio-nio",
                            "path": "/home/razor/.cache/coursier/v1/https/repo1.maven.org/maven2/org/jboss/xnio/xnio-nio/3.3.8.Final/xnio-nio-3.3.8.Final.jar"
                        },
                        {
                            "name": "xnio-nio",
                            "classifier": "sources",
                            "path": "/home/razor/.cache/coursier/v1/https/repo1.maven.org/maven2/org/jboss/xnio/xnio-nio/3.3.8.Final/xnio-nio-3.3.8.Final-sources.jar"
                        }
                    ]
                },
                {
                    "organization": "com.typesafe.play",
                    "name": "play-functional_2.13",
                    "version": "2.8.1",
                    "configurations": "default",
                    "artifacts": [
                        {
                            "name": "play-functional_2.13",
                            "path": "/home/razor/.cache/coursier/v1/https/repo1.maven.org/maven2/com/typesafe/play/play-functional_2.13/2.8.1/play-functional_2.13-2.8.1.jar"
                        },
                        {
                            "name": "play-functional_2.13",
                            "classifier": "sources",
                            "path": "/home/razor/.cache/coursier/v1/https/repo1.maven.org/maven2/com/typesafe/play/play-functional_2.13/2.8.1/play-functional_2.13-2.8.1-sources.jar"
                        }
                    ]
                },
                {
                    "organization": "org.scala-lang.modules",
                    "name": "scala-collection-compat_2.13",
                    "version": "2.1.3",
                    "configurations": "default",
                    "artifacts": [
                        {
                            "name": "scala-collection-compat_2.13",
                            "path": "/home/razor/.cache/coursier/v1/https/repo1.maven.org/maven2/org/scala-lang/modules/scala-collection-compat_2.13/2.1.3/scala-collection-compat_2.13-2.1.3.jar"
                        },
                        {
                            "name": "scala-collection-compat_2.13",
                            "classifier": "sources",
                            "path": "/home/razor/.cache/coursier/v1/https/repo1.maven.org/maven2/org/scala-lang/modules/scala-collection-compat_2.13/2.1.3/scala-collection-compat_2.13-2.1.3-sources.jar"
                        }
                    ]
                },
                {
                    "organization": "com.typesafe.play",
                    "name": "play-json_2.13",
                    "version": "2.8.1",
                    "configurations": "default",
                    "artifacts": [
                        {
                            "name": "play-json_2.13",
                            "path": "/home/razor/.cache/coursier/v1/https/repo1.maven.org/maven2/com/typesafe/play/play-json_2.13/2.8.1/play-json_2.13-2.8.1.jar"
                        },
                        {
                            "name": "play-json_2.13",
                            "classifier": "sources",
                            "path": "/home/razor/.cache/coursier/v1/https/repo1.maven.org/maven2/com/typesafe/play/play-json_2.13/2.8.1/play-json_2.13-2.8.1-sources.jar"
                        }
                    ]
                },
                {
                    "organization": "com.lihaoyi",
                    "name": "upickle_2.13",
                    "version": "0.9.8",
                    "configurations": "default",
                    "artifacts": [
                        {
                            "name": "upickle_2.13",
                            "path": "/home/razor/.cache/coursier/v1/https/repo1.maven.org/maven2/com/lihaoyi/upickle_2.13/0.9.8/upickle_2.13-0.9.8.jar"
                        },
                        {
                            "name": "upickle_2.13",
                            "classifier": "sources",
                            "path": "/home/razor/.cache/coursier/v1/https/repo1.maven.org/maven2/com/lihaoyi/upickle_2.13/0.9.8/upickle_2.13-0.9.8-sources.jar"
                        }
                    ]
                },
                {
                    "organization": "com.fasterxml.jackson.core",
                    "name": "jackson-annotations",
                    "version": "2.10.1",
                    "configurations": "default",
                    "artifacts": [
                        {
                            "name": "jackson-annotations",
                            "path": "/home/razor/.cache/coursier/v1/https/repo1.maven.org/maven2/com/fasterxml/jackson/core/jackson-annotations/2.10.1/jackson-annotations-2.10.1.jar"
                        },
                        {
                            "name": "jackson-annotations",
                            "classifier": "sources",
                            "path": "/home/razor/.cache/coursier/v1/https/repo1.maven.org/maven2/com/fasterxml/jackson/core/jackson-annotations/2.10.1/jackson-annotations-2.10.1-sources.jar"
                        }
                    ]
                },
                {
                    "organization": "com.fasterxml.jackson.datatype",
                    "name": "jackson-datatype-jsr310",
                    "version": "2.10.1",
                    "configurations": "default",
                    "artifacts": [
                        {
                            "name": "jackson-datatype-jsr310",
                            "path": "/home/razor/.cache/coursier/v1/https/repo1.maven.org/maven2/com/fasterxml/jackson/datatype/jackson-datatype-jsr310/2.10.1/jackson-datatype-jsr310-2.10.1.jar"
                        },
                        {
                            "name": "jackson-datatype-jsr310",
                            "classifier": "sources",
                            "path": "/home/razor/.cache/coursier/v1/https/repo1.maven.org/maven2/com/fasterxml/jackson/datatype/jackson-datatype-jsr310/2.10.1/jackson-datatype-jsr310-2.10.1-sources.jar"
                        }
                    ]
                },
                {
                    "organization": "com.lihaoyi",
                    "name": "upickle-core_2.13",
                    "version": "0.9.8",
                    "configurations": "default",
                    "artifacts": [
                        {
                            "name": "upickle-core_2.13",
                            "path": "/home/razor/.cache/coursier/v1/https/repo1.maven.org/maven2/com/lihaoyi/upickle-core_2.13/0.9.8/upickle-core_2.13-0.9.8.jar"
                        },
                        {
                            "name": "upickle-core_2.13",
                            "classifier": "sources",
                            "path": "/home/razor/.cache/coursier/v1/https/repo1.maven.org/maven2/com/lihaoyi/upickle-core_2.13/0.9.8/upickle-core_2.13-0.9.8-sources.jar"
                        }
                    ]
                },
                {
                    "organization": "io.undertow",
                    "name": "undertow-core",
                    "version": "2.0.13.Final",
                    "configurations": "default",
                    "artifacts": [
                        {
                            "name": "undertow-core",
                            "path": "/home/razor/.cache/coursier/v1/https/repo1.maven.org/maven2/io/undertow/undertow-core/2.0.13.Final/undertow-core-2.0.13.Final.jar"
                        },
                        {
                            "name": "undertow-core",
                            "classifier": "sources",
                            "path": "/home/razor/.cache/coursier/v1/https/repo1.maven.org/maven2/io/undertow/undertow-core/2.0.13.Final/undertow-core-2.0.13.Final-sources.jar"
                        }
                    ]
                },
                {
                    "organization": "org.jboss.logging",
                    "name": "jboss-logging",
                    "version": "3.3.2.Final",
                    "configurations": "default",
                    "artifacts": [
                        {
                            "name": "jboss-logging",
                            "path": "/home/razor/.cache/coursier/v1/https/repo1.maven.org/maven2/org/jboss/logging/jboss-logging/3.3.2.Final/jboss-logging-3.3.2.Final.jar"
                        },
                        {
                            "name": "jboss-logging",
                            "classifier": "sources",
                            "path": "/home/razor/.cache/coursier/v1/https/repo1.maven.org/maven2/org/jboss/logging/jboss-logging/3.3.2.Final/jboss-logging-3.3.2.Final-sources.jar"
                        }
                    ]
                },
                {
                    "organization": "org.slf4j",
                    "name": "slf4j-api",
                    "version": "1.7.28",
                    "configurations": "default",
                    "artifacts": [
                        {
                            "name": "slf4j-api",
                            "path": "/home/razor/.cache/coursier/v1/https/repo1.maven.org/maven2/org/slf4j/slf4j-api/1.7.28/slf4j-api-1.7.28.jar"
                        },
                        {
                            "name": "slf4j-api",
                            "classifier": "sources",
                            "path": "/home/razor/.cache/coursier/v1/https/repo1.maven.org/maven2/org/slf4j/slf4j-api/1.7.28/slf4j-api-1.7.28-sources.jar"
                        }
                    ]
                },
                {
                    "organization": "com.lihaoyi",
                    "name": "sourcecode_2.13",
                    "version": "0.2.0",
                    "configurations": "default",
                    "artifacts": [
                        {
                            "name": "sourcecode_2.13",
                            "path": "/home/razor/.cache/coursier/v1/https/repo1.maven.org/maven2/com/lihaoyi/sourcecode_2.13/0.2.0/sourcecode_2.13-0.2.0.jar"
                        },
                        {
                            "name": "sourcecode_2.13",
                            "classifier": "sources",
                            "path": "/home/razor/.cache/coursier/v1/https/repo1.maven.org/maven2/com/lihaoyi/sourcecode_2.13/0.2.0/sourcecode_2.13-0.2.0-sources.jar"
                        }
                    ]
                },
                {
                    "organization": "com.lihaoyi",
                    "name": "upack_2.13",
                    "version": "0.9.8",
                    "configurations": "default",
                    "artifacts": [
                        {
                            "name": "upack_2.13",
                            "path": "/home/razor/.cache/coursier/v1/https/repo1.maven.org/maven2/com/lihaoyi/upack_2.13/0.9.8/upack_2.13-0.9.8.jar"
                        },
                        {
                            "name": "upack_2.13",
                            "classifier": "sources",
                            "path": "/home/razor/.cache/coursier/v1/https/repo1.maven.org/maven2/com/lihaoyi/upack_2.13/0.9.8/upack_2.13-0.9.8-sources.jar"
                        }
                    ]
                },
                {
                    "organization": "joda-time",
                    "name": "joda-time",
                    "version": "2.10.5",
                    "configurations": "default",
                    "artifacts": [
                        {
                            "name": "joda-time",
                            "path": "/home/razor/.cache/coursier/v1/https/repo1.maven.org/maven2/joda-time/joda-time/2.10.5/joda-time-2.10.5.jar"
                        },
                        {
                            "name": "joda-time",
                            "classifier": "sources",
                            "path": "/home/razor/.cache/coursier/v1/https/repo1.maven.org/maven2/joda-time/joda-time/2.10.5/joda-time-2.10.5-sources.jar"
                        }
                    ]
                },
                {
                    "organization": "com.fasterxml.jackson.core",
                    "name": "jackson-databind",
                    "version": "2.10.1",
                    "configurations": "default",
                    "artifacts": [
                        {
                            "name": "jackson-databind",
                            "path": "/home/razor/.cache/coursier/v1/https/repo1.maven.org/maven2/com/fasterxml/jackson/core/jackson-databind/2.10.1/jackson-databind-2.10.1.jar"
                        },
                        {
                            "name": "jackson-databind",
                            "classifier": "sources",
                            "path": "/home/razor/.cache/coursier/v1/https/repo1.maven.org/maven2/com/fasterxml/jackson/core/jackson-databind/2.10.1/jackson-databind-2.10.1-sources.jar"
                        }
                    ]
                },
                {
                    "organization": "org.scala-lang",
                    "name": "scala-library",
                    "version": "2.13.1",
                    "configurations": "optional",
                    "artifacts": [
                        {
                            "name": "scala-library",
                            "path": "/home/razor/.cache/coursier/v1/https/repo1.maven.org/maven2/org/scala-lang/scala-library/2.13.1/scala-library-2.13.1.jar"
                        },
                        {
                            "name": "scala-library",
                            "classifier": "sources",
                            "path": "/home/razor/.cache/coursier/v1/https/repo1.maven.org/maven2/org/scala-lang/scala-library/2.13.1/scala-library-2.13.1-sources.jar"
                        }
                    ]
                }
            ]
        },
        "tags": [
            "library"
        ]
    }
}